path	bytes
app/assets/art/cover-hamster-meshy.png	1913040
app/assets/art/room-bathroom.png	1090428
app/assets/art/room-kitchen.png	1102273
app/assets/art/room-living.png	1088252
app/assets/art/story-choice-hamster-meshy.png	1761407
app/assets/art/ui-cozy/adult-family.webp	177232
app/assets/art/ui-cozy/album.webp	163092
app/assets/art/ui-cozy/back.webp	86430
app/assets/art/ui-cozy/bathroom.webp	151236
app/assets/art/ui-cozy/calendar.webp	167066
app/assets/art/ui-cozy/catalog-bed.webp	159054
app/assets/art/ui-cozy/celebration.webp	122990
app/assets/art/ui-cozy/check.webp	65874
app/assets/art/ui-cozy/close.webp	101152
app/assets/art/ui-cozy/clothing.webp	136344
app/assets/art/ui-cozy/coin.webp	171856
app/assets/art/ui-cozy/eye.webp	112142
app/assets/art/ui-cozy/food.webp	156380
app/assets/art/ui-cozy/forward.webp	83388
app/assets/art/ui-cozy/garden.webp	128076
app/assets/art/ui-cozy/goal.webp	150676
app/assets/art/ui-cozy/hamster-face.webp	186818
app/assets/art/ui-cozy/heart.webp	99988
app/assets/art/ui-cozy/hint-lamp.webp	86118
app/assets/art/ui-cozy/history.webp	132758
app/assets/art/ui-cozy/home.webp	186570
app/assets/art/ui-cozy/job-checklist.webp	133462
app/assets/art/ui-cozy/kitten-face.webp	227002
app/assets/art/ui-cozy/lamp.webp	149566
app/assets/art/ui-cozy/living-room.webp	150620
app/assets/art/ui-cozy/lock.webp	131144
app/assets/art/ui-cozy/map-route.webp	136954
app/assets/art/ui-cozy/menu.webp	87716
app/assets/art/ui-cozy/microphone.webp	123390
app/assets/art/ui-cozy/night-light.webp	120574
app/assets/art/ui-cozy/pet-paw.webp	134604
app/assets/art/ui-cozy/play-ball.webp	142706
app/assets/art/ui-cozy/plus.webp	84034
app/assets/art/ui-cozy/puppy-face.webp	186640
app/assets/art/ui-cozy/radio-empty.webp	99276
app/assets/art/ui-cozy/radio-selected.webp	152702
app/assets/art/ui-cozy/refresh.webp	96824
app/assets/art/ui-cozy/savings.webp	141044
app/assets/art/ui-cozy/science.webp	117714
app/assets/art/ui-cozy/settings.webp	147150
app/assets/art/ui-cozy/shield.webp	127234
app/assets/art/ui-cozy/shop-bag.webp	133970
app/assets/art/ui-cozy/sleep.webp	127076
app/assets/art/ui-cozy/soap.webp	127066
app/assets/art/ui-cozy/sparkle.webp	109324
app/assets/art/ui-cozy/speaker.webp	109468
app/assets/art/ui-cozy/stop.webp	139900
app/assets/art/ui-cozy/story-book.webp	161248
app/assets/art/ui-cozy/transfer.webp	93996
app/assets/art/ui-cozy/trash.webp	107908
app/assets/art/ui-cozy/video-demo.webp	129564
app/assets/art/ui-cozy/view-3d.webp	182316
app/assets/art/ui-cozy/wallet.webp	185010
app/assets/art/ui-cozy/water.webp	91472
app/assets/audio/free-2026-09-26/box_lid.ogg	12291
app/assets/audio/free-2026-09-26/box_pop.ogg	5577
app/assets/audio/free-2026-09-26/broom_sweep_candidate.ogg	24204
app/assets/audio/free-2026-09-26/cloth_fold.ogg	13605
app/assets/audio/free-2026-09-26/cloth_place.ogg	10466
app/assets/audio/free-2026-09-26/coin_save.ogg	18569
app/assets/audio/free-2026-09-26/dish_place.ogg	24670
app/assets/audio/free-2026-09-26/faucet_off_candidate.ogg	62915
app/assets/audio/free-2026-09-26/faucet_rinse_candidate.ogg	42719
app/assets/audio/free-2026-09-26/footstep_wood_reference.ogg	37441
app/assets/audio/free-2026-09-26/hamster_squeak.mp3	17180
app/assets/audio/free-2026-09-26/kitten_mew.ogg	7883
app/assets/audio/free-2026-09-26/kitten_mew_optional.ogg	7883
app/assets/audio/free-2026-09-26/puppy_bark.mp3	17180
app/assets/audio/free-2026-09-26/soft_bedding_rustle_candidate.ogg	28130
app/assets/audio/free-2026-09-26/sponge_squeeze_candidate.ogg	27905
app/assets/audio/free-2026-09-26/ui_back.ogg	4728
app/assets/audio/free-2026-09-26/ui_confirm.ogg	4727
app/assets/audio/free-2026-09-26/ui_reward.ogg	7573
app/assets/audio/free-2026-09-26/ui_tap.ogg	4501
app/assets/audio/free-2026-09-26/water_rinse.ogg	18635
app/assets/audio/music/home_loop.ogg	1027647
app/assets/fonts/Nunito-400.ttf	132392
app/assets/fonts/Nunito-600.ttf	132332
app/assets/fonts/Nunito-800.ttf	132252
app/assets/fonts/Nunito-900.ttf	132216
app/assets/fonts/Nunito.ttf	276932
app/assets/game3d/props/bathroom-pendant.glb	269260
app/assets/game3d/props/bathtub_quality.glb	5287760
app/assets/game3d/props/dish_plate.glb	1230044
app/assets/game3d/props/dish_rack.glb	1496140
app/assets/game3d/props/dustpan.glb	1232916
app/assets/game3d/props/folded_towel.glb	1510184
app/assets/game3d/props/fridge_quality.glb	8341852
app/assets/game3d/props/kitchen_sponge.glb	1163612
app/assets/game3d/props/nightlight.glb	1165120
app/assets/game3d/props/package_circle.glb	510604
app/assets/game3d/props/package_square.glb	522580
app/assets/game3d/props/package_star.glb	611808
app/assets/game3d/props/package_triangle.glb	532432
app/assets/game3d/props/parent_note.glb	438700
app/assets/game3d/props/short_broom.glb	1251284
app/assets/game3d/props/single_book.glb	618992
app/assets/game3d/props/slippers_pair.glb	1325160
app/assets/game3d/props/sorting_bin.glb	686668
app/assets/game3d/props/teddy_toy.glb	520308
app/assets/game3d/props/towel_attempt8_416k.glb	16223640
app/assets/game3d/props/towel_attempt8_correction.bin	22572
app/assets/game3d/props/towel_shelf.glb	614040
app/assets/game3d/props/toy_chest.glb	1714364
app/assets/game3d/props/unfolded_towel.glb	1233492
app/assets/game3d/props/wiping_cloth.glb	1354380
app/assets/game3d/rooms/bathroom.glb	4915900
app/assets/game3d/rooms/ceramic-floor.png	1442345
app/assets/game3d/rooms/intro-box.glb	317004
app/assets/game3d/rooms/kitchen.glb	7103128
app/assets/game3d/rooms/living-room-envelope.glb	9856
app/assets/game3d/rooms/living-wallpaper.png	2323088
app/assets/game3d/rooms/living.glb	17628820
app/assets/game3d/rooms/oak-floor.png	1969957
app/assets/game3d/rooms/window-garden.webp	51722
app/assets/models/bathtub-mobile.glb	6534888
app/assets/models/bed-mobile.glb	6199984
app/assets/models/bow-accessory.glb	1356376
app/assets/models/cap-accessory.glb	1561592
app/assets/models/food_bowl-mobile.glb	5222976
app/assets/models/hamster-integrated-v1-preview.glb	19657208
app/assets/models/hamster-mobile.glb	8009028
app/assets/models/kitten-integrated-v1-preview.glb	14903924
app/assets/models/kitten-mobile.glb	8101512
app/assets/models/puppy-integrated-v3-preview.glb	8271508
app/assets/models/puppy-mobile.glb	7688396
app/assets/voice/asr/decoder.onnx	2093080
app/assets/voice/asr/encoder.onnx	25090964
app/assets/voice/asr/joiner.onnx	259572
app/assets/voice/elevenlabs-dylan/chapter_01.choice_01.reply.mp3	74022
app/assets/voice/elevenlabs-dylan/chapter_01.choice_02.reply.mp3	72768
app/assets/voice/elevenlabs-dylan/chapter_01.hint.mp3	118744
app/assets/voice/elevenlabs-dylan/chapter_01.line_01.mp3	79038
app/assets/voice/elevenlabs-dylan/chapter_01.line_02.mp3	89487
app/assets/voice/elevenlabs-dylan/chapter_01.line_03.mp3	56050
app/assets/voice/elevenlabs-dylan/chapter_02.choice_01.reply.mp3	80292
app/assets/voice/elevenlabs-dylan/chapter_02.choice_02.reply.mp3	80292
app/assets/voice/elevenlabs-dylan/chapter_02.hint.mp3	137970
app/assets/voice/elevenlabs-dylan/chapter_02.line_01.mp3	77784
app/assets/voice/elevenlabs-dylan/chapter_02.line_02.mp3	82799
app/assets/voice/elevenlabs-dylan/chapter_02.line_03.mp3	56050
app/assets/voice/elevenlabs-dylan/chapter_03.choice_01.reply.mp3	82799
app/assets/voice/elevenlabs-dylan/chapter_03.choice_02.reply.mp3	84471
app/assets/voice/elevenlabs-dylan/chapter_03.hint.mp3	137970
app/assets/voice/elevenlabs-dylan/chapter_03.line_01.mp3	72768
app/assets/voice/elevenlabs-dylan/chapter_03.line_02.mp3	82799
app/assets/voice/elevenlabs-dylan/chapter_03.line_03.mp3	76530
app/assets/voice/elevenlabs-dylan/chapter_04.choice_01.reply.mp3	95756
app/assets/voice/elevenlabs-dylan/chapter_04.choice_02.reply.mp3	81546
app/assets/voice/elevenlabs-dylan/chapter_04.hint.mp3	113728
app/assets/voice/elevenlabs-dylan/chapter_04.line_01.mp3	82799
app/assets/voice/elevenlabs-dylan/chapter_04.line_02.mp3	81546
app/assets/voice/elevenlabs-dylan/chapter_04.line_03.mp3	72768
app/assets/voice/elevenlabs-dylan/chapter_05.choice_01.reply.mp3	91995
app/assets/voice/elevenlabs-dylan/chapter_05.choice_02.reply.mp3	98264
app/assets/voice/elevenlabs-dylan/chapter_05.hint.mp3	112475
app/assets/voice/elevenlabs-dylan/chapter_05.line_01.mp3	91995
app/assets/voice/elevenlabs-dylan/chapter_05.line_02.mp3	75276
app/assets/voice/elevenlabs-dylan/chapter_05.line_03.mp3	71515
app/assets/voice/elevenlabs-dylan/chapter_06.choice_01.reply.mp3	65245
app/assets/voice/elevenlabs-dylan/chapter_06.choice_02.reply.mp3	82799
app/assets/voice/elevenlabs-dylan/chapter_06.hint.mp3	125431
app/assets/voice/elevenlabs-dylan/chapter_06.line_01.mp3	89487
app/assets/voice/elevenlabs-dylan/chapter_06.line_02.mp3	99518
app/assets/voice/elevenlabs-dylan/chapter_06.line_03.mp3	80292
app/assets/voice/tts/espeak-ng-data/intonations	2040
app/assets/voice/tts/espeak-ng-data/lang/zle/ru	57
app/assets/voice/tts/espeak-ng-data/lang/zle/ru-LV	280
app/assets/voice/tts/espeak-ng-data/lang/zle/ru-cl	91
app/assets/voice/tts/espeak-ng-data/phondata	550424
app/assets/voice/tts/espeak-ng-data/phondata-manifest	21821
app/assets/voice/tts/espeak-ng-data/phonindex	39074
app/assets/voice/tts/espeak-ng-data/phontab	55796
app/assets/voice/tts/espeak-ng-data/ru_dict	8532392
app/assets/voice/tts/model.onnx	18579716
